Workbook
Name Slicer_author: #N/A

Sheet electronics
C1: Exchange Rate: | D1: 96.5
A3: id | B3: title | C3: price | D3: category | E3: clean title | F3: price inr | G3: price range
A4: 9 | B4: WD 2TB Elements Portable External Hard Drive - USB 3.0 | C4: 64 | D4: electronics | E4: =PROPER(TRIM(B4)) -> Wd 2Tb Elements Portable External Hard Drive - Usb 3.0 | F4: =C4*$D$1 -> 6176 | G4: =IF(F4>10000,"Premium", "Standard") -> Standard
A5: 10 | B5: SanDisk SSD PLUS 1TB Internal SSD - SATA III 6 Gb/s | C5: 109 | D5: electronics | E5: =PROPER(TRIM(B5)) -> Sandisk Ssd Plus 1Tb Internal Ssd - Sata Iii 6 Gb/S | F5: =C5*$D$1 -> 10518.5 | G5: =IF(F5>10000,"Premium", "Standard") -> Premium
A6: 11 | B6: Silicon Power 256GB SSD 3D NAND A55 SLC Cache Performance Boost SATA III 2.5 | C6: 109 | D6: electronics | E6: =PROPER(TRIM(B6)) -> Silicon Power 256Gb Ssd 3D Nand A55 Slc Cache Performance Boost Sata Iii 2.5 | F6: =C6*$D$1 -> 10518.5 | G6: =IF(F6>10000,"Premium", "Standard") -> Premium
A7: 12 | B7: WD 4TB Gaming Drive Works with Playstation 4 Portable External Hard Drive | C7: 114 | D7: electronics | E7: =PROPER(TRIM(B7)) -> Wd 4Tb Gaming Drive Works With Playstation 4 Portable External Hard Drive | F7: =C7*$D$1 -> 11001 | G7: =IF(F7>10000,"Premium", "Standard") -> Premium
A8: 13 | B8: Acer SB220Q bi 21.5 inches Full HD (1920 x 1080) IPS Ultra-Thin | C8: 599 | D8: electronics | E8: =PROPER(TRIM(B8)) -> Acer Sb220Q Bi 21.5 Inches Full Hd (1920 X 1080) Ips Ultra-Thin | F8: =C8*$D$1 -> 57803.5 | G8: =IF(F8>10000,"Premium", "Standard") -> Premium
A9: 14 | B9: Samsung 49-Inch CHG90 144Hz Curved Gaming Monitor (LC49HG90DMNXZA) – Super Ultrawide Screen QLED | C9: 999.99 | D9: electronics | E9: =PROPER(TRIM(B9)) -> Samsung 49-Inch Chg90 144Hz Curved Gaming Monitor (Lc49Hg90Dmnxza) – Super Ultrawide Screen Qled | F9: =C9*$D$1 -> 96499.035 | G9: =IF(F9>10000,"Premium", "Standard") -> Premium

Sheet quotes
A1: text | B1: length | C1: author | D1: genre
A2: “The world as we have created it is a process of our thinking. It cannot be changed without changing our thinking.” | B2: =LEN(A2) -> 115 | C2: Albert Einstein | D2: =_xlfn.XLOOKUP(C2,author_genre!$A$2:$A$9,author_genre!$B$2:$B$9) -> Science
A3: “It is our choices, Harry, that show what we truly are, far more than our abilities.” | B3: =LEN(A3) -> 85 | C3: J.K. Rowling | D3: =_xlfn.XLOOKUP(C3,author_genre!$A$2:$A$9,author_genre!$B$2:$B$9) -> Fiction
A4: “There are only two ways to live your life. One is as though nothing is a miracle. The other is as though everything is a miracle.” | B4: =LEN(A4) -> 131 | C4: Albert Einstein | D4: =_xlfn.XLOOKUP(C4,author_genre!$A$2:$A$9,author_genre!$B$2:$B$9) -> Science
A5: “The person, be it gentleman or lady, who has not pleasure in a good novel, must be intolerably stupid.” | B5: =LEN(A5) -> 104 | C5: Jane Austen | D5: =_xlfn.XLOOKUP(C5,author_genre!$A$2:$A$9,author_genre!$B$2:$B$9) -> Fiction
A6: “Imperfection is beauty, madness is genius and it's better to be absolutely ridiculous than absolutely boring.” | B6: =LEN(A6) -> 111 | C6: Marilyn Monroe | D6: =_xlfn.XLOOKUP(C6,author_genre!$A$2:$A$9,author_genre!$B$2:$B$9) -> Art
A7: “Try not to become a man of success. Rather become a man of value.” | B7: =LEN(A7) -> 67 | C7: Albert Einstein | D7: =_xlfn.XLOOKUP(C7,author_genre!$A$2:$A$9,author_genre!$B$2:$B$9) -> Science
A8: “It is better to be hated for what you are than to be loved for what you are not.” | B8: =LEN(A8) -> 82 | C8: André Gide | D8: =_xlfn.XLOOKUP(C8,author_genre!$A$2:$A$9,author_genre!$B$2:$B$9) -> Fiction
A9: “I have not failed. I've just found 10,000 ways that won't work.” | B9: =LEN(A9) -> 65 | C9: Thomas A. Edison | D9: =_xlfn.XLOOKUP(C9,author_genre!$A$2:$A$9,author_genre!$B$2:$B$9) -> Science
A10: “A woman is like a tea bag; you never know how strong it is until it's in hot water.” | B10: =LEN(A10) -> 85 | C10: Eleanor Roosevelt | D10: =_xlfn.XLOOKUP(C10,author_genre!$A$2:$A$9,author_genre!$B$2:$B$9) -> Politics
A11: “A day without sunshine is like, you know, night.” | B11: =LEN(A11) -> 50 | C11: Steve Martin | D11: =_xlfn.XLOOKUP(C11,author_genre!$A$2:$A$9,author_genre!$B$2:$B$9) -> Art

Sheet author_genre
A1: Author | B1: Genre
A2: Albert Einstein | B2: Science
A3: J.K. Rowling | B3: Fiction
A4: Jane Austen | B4: Fiction
A5: Marilyn Monroe | B5: Art
A6: André Gide | B6: Fiction
A7: Thomas A. Edison | B7: Science
A8: Eleanor Roosevelt | B8: Politics
A9: Steve Martin | B9: Art

Sheet pivot_table
A2: genre | B2: Count of text | C2: Average of length
A3: Art | B3: 2 | C3: 80.5
A4: Fiction | B4: 3 | C4: 90.333333
A5: Politics | B5: 1 | C5: 85
A6: Science | B6: 4 | C6: 94.5
A7: Grand Total | B7: 10 | C7: 89.5
